Musical,Theater
1,1
1,2
1,3
1,4
1,5
1,6
1,7
1,8
2,5
2,6
2,9
2,10
2,11
2,12
2,13
2,14
3,4
3,6
3,7
3,10
3,14
3,15
3,16
3,17
3,18
3,19
3,20
3,21
3,22
3,23
3,24
3,25
3,26
3,27
3,28
3,29
3,30
3,31
3,32
3,33
3,34
4,17
4,22
4,23
4,24
4,25
4,29
4,31
4,32
4,35
4,36
4,37
5,44
5,46
5,47
5,48
5,49
5,50
5,51
6,2
6,3
6,4
6,6
6,13
6,20
6,26
6,30
6,34
6,39
6,44
6,45
6,52
6,55
6,57
6,58
6,59
6,60
6,61
6,62
6,63
6,64
6,65
6,66
7,2
7,4
7,9
7,11
7,13
7,15
7,29
7,30
7,34
7,35
7,42
7,54
7,61
7,62
7,67
7,68
7,69
7,70
7,71
7,72
8,11
8,16
8,17
8,20
8,21
8,25
8,27
8,29
8,31
8,32
8,38
8,55
8,58
8,60
8,70
8,73
8,74
8,75
9,1
9,3
9,4
9,5
9,7
9,9
9,14
9,18
9,19
9,21
9,26
9,34
9,38
9,39
9,42
9,43
9,45
9,49
9,54
9,55
9,58
9,60
9,76
9,77
10,1
10,4
10,5
10,13
10,17
10,18
10,19
10,22
10,23
10,24
10,26
10,27
10,28
10,29
10,31
10,32
10,37
10,38
10,39
10,40
10,42
10,43
10,45
10,48
10,49
10,51
10,52
10,63
10,64
10,65
10,72
10,78
10,79
10,80
10,81
10,82
10,83
10,84
12,3
13,2
13,4
14,1
14,7
14,10
14,13
14,14
14,15
14,17
14,20
14,23
14,24
14,27
14,31
14,42
14,44
14,45
14,51
14,54
14,56
14,63
14,64
14,65
14,74
14,75
14,85
15,3
15,4
15,5
15,6
15,10
15,24
15,34
16,1
16,3
16,6
16,9
16,10
16,11
16,15
16,17
16,20
16,22
16,23
16,24
16,25
16,27
16,28
16,30
16,33
16,35
16,37
16,38
16,40
16,44
16,45
16,51
16,53
16,55
16,56
16,58
16,61
16,66
16,70
16,71
16,72
16,77
16,80
18,1
18,3
18,4
18,7
18,9
18,12
18,13
18,14
18,15
18,18
18,19
18,20
18,21
18,27
18,29
18,31
18,32
18,38
18,39
18,42
18,43
18,53
18,56
18,66
18,70
18,71
18,75
19,7
19,8
19,12
19,13
19,15
19,18
19,26
19,29
19,38
19,55
19,58
19,70
20,3
20,4
20,7
20,9
20,10
20,12
20,14
20,15
20,18
20,20
20,22
20,23
20,27
20,28
20,29
20,31
20,35
20,39
20,58
20,60
20,70
21,6
21,14
21,15
21,17
21,20
21,23
21,26
21,28
21,32
21,40
21,42
21,51
21,54
21,77
21,89
21,90
22,3
22,4
22,6
22,20
22,23
22,24
22,29
22,31
22,38
22,39
22,40
22,41
22,42
22,43
22,44
22,45
23,3
23,7
23,12
23,13
23,14
23,15
23,18
23,20
23,21
23,27
23,32
23,33
23,40
23,43
23,49
23,52
23,53
23,54
23,55
23,56
24,2
24,3
24,6
24,9
24,13
24,14
24,20
24,38
24,44
24,45
24,56
24,58
24,61
24,78
24,88
25,9
25,15
25,26
25,27
25,28
25,34
25,42
25,43
25,89
26,1
26,3
26,5
26,7
26,9
26,11
26,17
26,18
26,20
26,21
26,24
26,25
26,26
26,28
26,29
26,31
26,32
26,34
26,38
26,42
26,43
26,49
26,53
26,55
26,56
26,77
26,86
26,87
27,1
27,2
27,3
27,4
27,5
27,7
27,11
27,12
27,17
27,19
27,21
27,26
27,28
27,29
27,32
27,33
27,38
27,39
27,42
27,43
27,55
27,56
27,77
28,81
28,89
28,91
29,1
29,5
29,7
29,30
29,33
29,42
29,43
29,51
29,54
29,55
29,61
29,63
29,64
29,65
29,70
29,71
29,72
29,77
29,80
29,81